Sample name,BLab,BExp,Tmin,Tmax,n,b,σb,BAnc,σB,f,fvds,FRAC,β,g,GAP-MAX,q,w,k→,SSE,k',SCAT (@ βthreshold = 0.1),R2corr,R2det,Z,Z*,IZZI_MD,Dec_Anc,Inc_Anc,MAD_Anc,Dec_Fee,Inc_Free,MAD_Free,α,α',θ,DANG,NRMdev,γ,CRM(%),npTRM,check(%),dCK,DRAT,maxDEV,CDRAT,CDRAT',DRATS,DRATS',Mean DRAT,Mean DRAT',Mean DEV,Mean DEV',dpal,nTail,DRATTail,dTR,MDVDS,dt*,nAdd,dAC,c
187A  ,50.0,44.1,150,300,4,-0.904,0.084,45.2,4.2,0.302,0.316,0.327,0.093,0.645,0.371,2.1,1.5,0.356,0.004,-0.113,1,0.983,0.996,0.1,1.9,0.043,148.9,15.2,0.9,146.1,18.7,1.7,4.4,57.4,108.7,4.6,4.9,3.2,333.4,3,26.9,6.4,15.8,21.3,22.0,34.9,16.8,26.7,7.3,11.6,9.9,15.7,41.4,3,7.8,3.5,3.7,5.9,,,
283A  ,50.0,43.3,200,450,6,-2.327,0.248,116.3,12.4,0.401,0.438,0.439,0.107,0.68,0.588,2.6,1.3,-0.546,0.0,-0.656,0,0.955,0.989,0.4,3.3,0.013,136.2,-15.1,1.0,140.2,-15.1,3.7,3.9,73.2,74.9,4.0,5.1,3.3,708.7,5,35.3,6.5,6.4,16.3,18.2,18.2,35.2,35.2,3.6,3.6,9.2,9.2,82.7,5,0.9,0.4,0.4,3.7,,,
A-3-3     ,30.0,36.2,330,580,10,-1.187,0.044,35.6,1.3,0.909,0.87,0.866,0.037,0.865,0.178,21.4,7.6,0.118,0.004,0.117,1,0.989,0.997,0.3,2.7,0.019,123.2,77.1,0.4,124.1,77.4,0.6,0.4,34.7,167.4,0.5,0.5,1.0,110.5,5,14.6,9.8,6.9,10.8,6.6,12.3,9.3,17.5,1.3,2.5,2.0,3.8,8.7,0,,,,,,,
AL2770-3b ,25.0,35.8,100,350,9,-1.038,0.155,26.0,3.9,0.344,0.289,0.396,0.15,0.836,0.203,1.9,0.7,0.28,0.023,-0.566,0,0.849,0.961,0.4,4.5,0.053,163.8,-46.5,3.5,152.6,-28.8,14.4,19.8,112.2,118.8,20.2,26.9,7.9,414.4,4,244.2,9.3,18.8,27.2,35.8,41.3,47.7,54.9,9.0,10.3,12.9,14.9,34.4,0,,,,,,,
BR06-4F   ,50.3,49.6,0,580,14,-0.834,0.037,41.9,1.8,0.969,0.894,0.961,0.044,0.858,0.281,18.9,5.5,0.103,0.011,0.103,1,0.977,0.994,0.4,3.6,0.021,158.3,12.9,2.4,158.7,11.7,3.7,1.3,65.6,155.8,1.9,1.3,4.8,78.5,6,8.3,4.2,3.4,4.4,1.0,8.0,1.3,10.4,0.2,1.3,0.2,1.7,2.1,4,1.0,1.6,1.5,0.0,,,
C-4-4L    ,30.0,36.2,425,540,6,-1.204,0.019,36.1,0.6,0.505,0.471,0.477,0.016,0.711,0.374,22.5,11.3,-0.002,0.002,-0.027,1,0.999,1.0,0.0,0.6,0.007,31.8,39.6,0.3,31.1,40.2,0.8,0.8,42.4,130.2,0.9,0.9,85.3,241.2,4,69.1,2.5,3.2,5.0,0.4,6.0,0.5,6.5,0.1,1.5,0.2,2.3,0.5,0,,,,,,,
HEL2-2d   ,50.3,49.6,0,350,7,-0.985,0.037,49.5,1.8,0.576,0.572,0.583,0.037,0.707,0.466,11.0,4.9,0.131,0.002,-0.146,1,0.993,0.998,0.1,1.3,0.01,75.9,60.6,0.9,75.9,60.5,3.3,0.1,17.7,83.1,0.1,0.1,7.3,51.8,2,28.0,8.1,10.0,14.1,10.5,10.5,14.7,14.7,5.2,5.2,7.4,7.4,16.1,2,2.4,1.9,1.9,0.0,,,
KF-3-1     ,60.0,52.1,0,550,13,-0.735,0.008,44.1,0.5,0.986,0.983,0.982,0.011,0.824,0.365,75.2,22.7,0.009,0.001,0.009,1,0.999,1.0,0.1,0.8,0.011,128.3,59.0,0.5,128.2,58.6,0.6,0.4,26.9,31.4,0.6,0.3,2.0,47.4,5,4.4,3.8,3.1,3.9,7.7,7.7,9.5,9.5,1.5,1.5,1.9,1.9,9.1,0,,,,,,,
LV6C3A    ,30.0,24.0,260,580,9,-0.78,0.023,23.4,0.7,0.935,0.695,0.818,0.03,0.719,0.398,22.8,8.6,-0.009,0.005,-0.065,1,0.994,0.998,0.2,2.6,0.044,155.8,-40.1,2.0,156.5,-39.2,3.4,1.0,103.5,50.8,1.4,1.4,0.9,115.0,6,51.4,5.0,4.2,5.4,7.2,10.7,8.6,12.7,1.2,1.8,1.5,2.3,6.7,13,3.9,6.0,4.5,4.4,,,
m428b1    ,25.0,25.0,0,575,9,-1.493,0.067,25.1,1.7,0.948,0.912,0.981,0.045,0.576,0.562,12.2,4.6,-0.35,0.001,-0.35,1,0.986,0.997,0.2,2.1,0.431,333.3,-5.5,1.3,332.5,-5.1,3.5,0.9,112.6,95.1,1.0,1.4,15.5,199.0,3,23.1,0.9,0.5,1.0,0.1,1.2,0.2,2.1,0.0,0.4,0.1,0.7,0.7,0,,,,,,,0.673
MSH6E13     ,30.0,55.6,400,580,6,-0.738,0.093,22.1,2.8,0.662,0.382,0.417,0.126,0.76,0.309,4.0,2.0,0.781,0.007,0.643,0,0.938,0.984,0.2,5.7,0.024,148.6,68.6,4.2,143.6,71.2,7.8,3.1,37.5,161.2,4.1,2.9,1.7,143.2,7,67.7,11.5,13.9,17.3,19.6,30.5,17.3,26.9,2.8,4.4,3.5,5.4,13.5,14,9.8,11.0,6.3,11.6,2.0,40.6,
MCT       ,100.0,55.6,351,567,9,-0.717,0.051,71.7,5.1,0.752,0.302,0.69,0.072,0.472,0.317,5.0,1.9,0.456,0.004,0.522,0,0.965,0.991,0.2,3.8,0.023,137.5,87.4,8.8,208.3,77.4,22.2,12.0,43.3,167.4,13.3,15.5,174.6,121.7,0,,,,,,,,,,,,,,12,6.7,8.6,3.5,30.0,,,
P1MY,50.3,45.0,250,350,5,-0.598,0.013,30.1,0.6,0.419,0.254,0.283,0.021,0.708,0.427,14.0,8.1,0.532,0.003,0.032,1,0.999,1.0,0.0,0.6,0.013,221.9,52.1,8.5,210.9,31.7,6.5,22.0,74.5,58.3,24.9,17.7,8.3,264.7,2,15.1,0.7,1.4,1.6,0.6,2.2,0.4,1.4,0.3,1.1,0.3,1.3,1.3,2,2.2,1.8,1.1,4.6,,,
RD2358-4f ,40.0,37.0,0,150,5,-2.144,0.195,85.7,7.8,0.392,0.324,0.417,0.091,0.667,0.477,2.9,1.7,0.338,0.01,0.151,1,0.975,0.994,0.2,2.3,0.016,285.5,48.9,6.5,235.3,60.5,8.2,30.3,85.1,29.5,31.5,39.8,14.9,775.3,1,22.4,3.2,3.4,8.1,3.4,3.4,8.5,8.5,3.4,3.4,8.1,8.1,13.0,0,,,,,,,
RS25b     ,40.0,30.0,325,534,24,-0.732,0.015,29.3,0.6,0.987,0.931,0.976,0.02,0.804,0.26,39.7,8.5,0.201,0.004,0.208,1,0.991,0.998,0.3,1.7,0.05,33.3,-87.8,0.2,36.3,-87.9,0.7,0.1,133.8,2.1,0.1,0.2,178.5,75.6,9,8.6,3.6,2.9,3.6,2.5,6.8,3.0,8.1,0.3,0.8,0.3,0.9,4.6,0,,,,,,,1.001
RS26a     ,40.0,60.0,325,513,21,-1.499,0.073,63.2,2.9,0.538,0.348,0.616,0.048,0.753,0.213,8.4,1.9,0.152,0.008,-0.096,0,0.956,0.989,0.7,2.3,0.009,33.8,22.8,1.8,31.4,25.6,11.8,3.5,50.4,115.6,3.6,5.4,4.8,308.4,7,45.3,5.7,5.9,10.6,6.2,17.2,10.1,28.2,0.9,2.5,1.6,4.4,1.9,0,,,,,,,1.006
RS26e     ,40.0,60.0,0,499,18,-1.234,0.055,58.1,2.2,0.765,0.676,0.847,0.045,0.742,0.317,12.7,3.2,-0.353,0.007,-0.448,0,0.968,0.992,0.3,1.6,-0.005,352.1,-52.7,1.8,347.6,-50.7,6.8,3.4,128.4,39.3,3.6,4.9,8.9,160.9,5,44.7,5.5,4.6,7.2,3.1,9.6,4.6,14.5,0.6,1.9,1.0,3.1,4.7,0,,,,,,,1.075
TS01-20A-2,45.0,45.7,150,350,6,-1.114,0.029,50.1,1.3,0.392,0.415,0.414,0.026,0.743,0.418,11.1,5.6,-0.055,0.003,0.161,1,0.997,0.999,0.0,0.7,0.013,75.1,2.2,0.6,76.2,0.6,2.1,2.0,44.8,76.2,2.1,2.0,8.7,187.7,3,10.5,2.4,4.1,6.1,3.0,5.1,2.8,4.9,1.0,1.7,1.5,2.6,1.3,3,0.7,0.4,0.4,2.9,,,
VM1f      ,50.3,44.0,200,450,9,-1.471,0.072,74.0,3.6,0.593,0.324,0.328,0.049,0.799,0.402,9.7,3.7,0.883,0.002,0.309,1,0.983,0.996,0.3,2.4,0.01,172.8,-58.2,3.5,173.9,-61.3,3.3,3.2,123.6,151.3,5.5,2.0,3.8,515.3,3,112.7,3.5,3.3,5.8,2.0,7.9,2.1,8.3,0.7,2.6,1.2,4.7,11.7,3,5.2,3.8,2.1,3.3,,,
W3  ,60.0,60.0,0,600,15,-1.011,0.04,60.7,2.4,1.051,0.972,0.999,0.04,0.8,0.306,21.2,5.9,0.34,0.005,0.34,0,0.98,0.995,0.6,4.0,0.009,141.9,-87.7,0.3,142.5,-87.8,0.7,0.1,133.6,2.2,0.2,0.2,3.0,105.2,7,60.6,2.4,1.6,2.3,4.7,4.7,6.8,6.8,0.7,0.7,1.0,1.0,5.5,4,1.7,2.5,2.3,0.0,13.0,3.5,
